{"cameraMode":{"drawMode":0,"name":"Shaded","section":"Shading Mode"},"sceneLighting":false,"audioPlay":false,"sceneViewState":{"m_AlwaysRefresh":false,"showFog":true,"showSkybox":false,"showFlares":true,"showImageEffects":true,"showParticleSystems":true,"showVisualEffectGraphs":true,"m_FxEnabled":true},"in2DMode":false,"pivot":{"x":0.0682947039604187,"y":0.1377718299627304,"z":0.15705393254756928},"rotation":{"x":-0.15687991678714753,"y":-0.6322108507156372,"z":0.13279841840267182,"w":-0.7470749020576477},"size":0.4074566066265106,"orthographic":false}