{"cameraMode":{"drawMode":0,"name":"Shaded","section":"Shading Mode"},"sceneLighting":false,"audioPlay":false,"sceneViewState":{"m_AlwaysRefresh":false,"showFog":true,"showSkybox":false,"showFlares":true,"showImageEffects":true,"showParticleSystems":true,"showVisualEffectGraphs":true,"m_FxEnabled":true},"in2DMode":false,"pivot":{"x":-1.0440000295639039,"y":0.15000003576278687,"z":-3.4800000190734865},"rotation":{"x":-0.05015115067362785,"y":0.8278539180755615,"z":-0.07495865970849991,"w":-0.5536760091781616},"size":0.009359288960695267,"orthographic":false}